"Контрагент","Итого","max"
"ПАО АК ""РУБИН"" ПАО ""АВИАЦИОННАЯ КОРПОРАЦИЯ ""РУБИН""",17291286.84,A+
ЭНЕРГЕТИК ООО,14445877.13,A+
ХиХимия ООО,13526026.05,A+
БЕТАТЕХ ООО,12215176.63,A+
ГАММАКОМ ООО,9699310.00,A+
ДонФинанс ТОО (ТУРКМЕНИСТАН),9579001.68,A+
ФИКОМП ООО,7478217.34,A+
ОМИКРОН-КОМ ООО,7087970.42,A+
ЭВЕРЕСТ ООО,6543274.00,A+
РОИНВЕСТ ООО,6150714.23,A+
БобруйскСервис АО (БЕЛАРУСЬ),5713936.54,A+
ЭДЕЛЬВЕЙС ООО,5415801.62,A+
КАППАКОНСТРУКТ ООО,5269650.12,A+
ХойникиТрейд АО (БЕЛАРУСЬ),5149822.74,A+
ИПСИЛОНПРОД ООО,4758484.04,A
ЭТАФИНАНС ООО,4350544.63,A
ПСИФИНАНС ООО,4191325.85,A
ТауТранспорт АО,4108675.42,A
НюТрейд АО,4016285.89,A
СИГМА-ЭЛЕКТРО ООО,3860853.18,A
ДубровноТрейд ООО (БЕЛАРУСЬ),3590266.68,A
КАППАКОМП ООО,3540584.66,A
ЙОТАИНВЕСТ ООО,3465741.79,A
АЛЬФАПРОД ООО,3380477.05,A
ДЕЛЬТАСЕРВИС ООО,3144753.07,A
"ООО ""РОБОКОМ""",2856822.48,A
"ОАО ""АРХАНГЕЛЬСКОЕ АВИАПРЕДПРИЯТИЕ""",2644942.17,A
ДЕЛЬТА-ИНВЕСТ ООО,2630157.66,A
ОМИКРОНСИСТЕМС ООО,2533541.10,A
ЭПСИЛОНКОМП ООО,2529609.26,A
ПружаныТрейд ООО (БЕЛАРУСЬ),2442207.36,A
УранИндустрия ООО,2386868.29,A
"ПИ-МАШ ООО, Краснодар",2369375.23,A
ПИТРАНС ООО,2290169.18,A
ЗЕТАИНВЕСТ ООО,2228156.72,A
ПИПРОМ ООО,2209087.07,A
ОршаКонсалт АО (ГРУЗИЯ),2100753.39,A
ГАММАЭНЕРГО ООО,2086560.05,A
ИПСИЛОНКОМ ООО,2082868.51,A
СИГМАКОМ ООО,2069368.86,A
ЛАМБДАТРЕЙД ООО,1975079.22,A
ЛямбдаФинанс ОАО,1973985.04,A
КСИТЕХ ООО,1917424.34,A
ЮНИТ ООО,1873351.92,A
ЧериковЭнерго ООО (ТАДЖИКИСТАН),1831900.79,A
ЗЕТАСТРОЙ ООО,1785837.32,A
ТАУЛОГИСТИК ООО,1774940.76,A
ДЯДЯ ПЕТЯ ООО,1768713.12,A
ТАУЭНЕРГО ООО,1762053.58,A
ХИМИЯ-ЭНЕРГО ООО,1735057.57,A
БарановичиТрейд ТОО (КАЗАХСТАН),1727022.83,A
ТЕХНОСФЕРА ООО,1721527.95,A
ТЭТАТРАНС ООО,1719783.65,A
АЛЬФА-33 ООО,1712305.92,A
БерезаСервис АО (БЕЛАРУСЬ),1654546.48,A
"ЗАО ""АВИАТЕХНОЛОГИЯ""",1630399.38,A
"АО ""АТЗ""",1611829.08,A
ПСИТРАНС ООО,1604279.64,A
РО-МАШ ООО,1538068.95,A
НЮПРОД ООО,1530204.53,A
ФИСТРАНС ООО,1519354.54,A
ГоркиИндустрия АО (МОЛДОВА),1507381.19,A
ВоложинТрейд ООО (БЕЛАРУСЬ),1506940.26,A
"ООО ""МЕГАПРОМ-УРАЛ""",1485919.33,A
ФИ-МАШ ООО,1454937.79,A
КызылордаИнвест АО (КАЗАХСТАН),1438889.02,A
ОдессаПроект АО (УКРАИНА),1424022.69,A
ХаосКонсалт АО (УКРАИНА),1418580.91,A
ШкловФарма ООО (БЕЛАРУСЬ),1371407.25,A
ТЕХНО-ГРАД ООО,1271684.90,A
МстиславльИнвест АО (БЕЛАРУСЬ),1271488.57,A
КраснопольеЛогистика АО (БЕЛАРУСЬ),1267173.04,A
ТайгаЛогистика АО,1181958.54,A
ЖодиноФинанс ТОО (АРМЕНИЯ),1180086.83,A
ДЕЛЬТАТОРГ ООО,1178041.16,A
ШТОРМ ООО,1172892.72,A
ЧАРОИТ ООО,1171200.00,A
ОМЕГАИНВЕСТ ООО,1155958.79,A
ОМИКРОН-ПРОД ООО,1149725.39,A
НЮПРОМ ООО,1141937.22,A
КрымЛогистика ОАО,1133663.23,A
ШАНС ООО,1124411.34,A
НЮКОМП ООО,1110955.21,A
СИГМАПЛЮС ООО,1104160.16,A
СИГМА-СТРОЙ ООО,1088967.61,A
КлимовичЭнерго АО (РОССИЯ),1076306.71,A
ЛАМБДА-ТОРГ ООО,1075890.95,A
ХИКОНСТРУКТ ООО,1074435.07,A
ВЕЛИКИЙ НОВГОРОД ООО,1064049.50,A
ФИСТРОЙ ООО,1063863.76,A
ТЕТА-СТРОЙ ООО,1058254.89,A
ДЕЛЬТАЛОГИСТИК ООО,1050066.85,A
ЭПСИЛОНПРОД ООО,1043071.69,A
"КСИ-ТОРГ ООО, Пермь",1035166.87,A
УранИндустрия ООО (АЗЕРБАЙДЖАН),1032309.78,A
ЦЕНТРСТРОЙ ООО,1021094.64,A
ОМИКРОН-ИНВЕСТ ООО,962152.85,B
ЛюбаньТрейд АО (БЕЛАРУСЬ),950943.74,B
МЮТОРГ ООО,945238.86,B
ЛАМБДАЭНЕРГО ООО,926543.09,B
МагаданЭкспорт АО,926376.15,B
"ООО ""СР-Дортех""",897210.74,B
ПСИТРЕЙД ООО,895545.80,B
МЮФИНАНС ООО,891442.75,B
КобринЭнерго ТОО (БЕЛАРУСЬ),886739.97,B
"ООО ""ГП ТРАНС 48""",881614.14,B
АГАТ ООО,868643.44,B
РОТРЕЙД ООО,861951.53,B
МстиславльФарма ООО (УЗБЕКИСТАН),857268.24,B
АЛЬФА-36 ООО,856269.13,B
РЕКА-СТРОЙ ООО,852694.94,B
БИО-КОМ ООО,852446.54,B
ЭТАТЕХ ООО,843886.95,B
ОМЕГАПРОМ ООО,815672.41,B
ЭКО-СТРОЙ ООО,802384.10,B
ОсиповичиПроект АО (БЕЛАРУСЬ),799154.09,B
ОктябрьскийКом АО (БЕЛАРУСЬ),797990.37,B
УстьКаменогорскЭнерго ТОО (ТУРКМЕНИСТАН),795330.05,B
РостовСервис ТОО,794501.85,B
ЙОТА-КОМ ООО,780842.60,B
ТЭТАЭНЕРГО ООО,779706.24,B
ПИКОНСТРУКТ ООО,778341.52,B
ХабаровскИндустрия АО,775358.12,B
ЗЕТАМАШ ООО,769596.45,B
НесвижЭкспорт ТОО (БЕЛАРУСЬ),768634.02,B
"ООО ""КНАУФ ГИПС ДЗЕРЖИНСК""",759454.76,B
ЭТАСЕРВИС ООО,758376.90,B
ТАУСИСТЕМС ООО,752044.39,B
ХИ-КОМ ООО,747260.26,B
АЛЬФАКОМ ООО,743921.28,B
ОМЕГАЛОГИСТИК ООО,730658.77,B
А-Реал Консалтинг,729460.05,B
ОмикронМаш АО (ГРУЗИЯ),723524.40,B
КурскФинанс ООО,720750.09,B
КАППА-КОМ ООО,718257.82,B
ИМПУЛЬС-ЭНЕРГО ООО,712512.68,B
БЕТАСТРОЙ ООО,704742.30,B
ХИСЕРВИС ООО,696725.80,B
КобринФарма ООО (БЕЛАРУСЬ),694659.70,B
БурятияФинанс ТОО (АРМЕНИЯ),673037.44,B
ЛАМБДАМАШ ООО,672874.90,B
ЩукаПром ООО,670514.54,B
ИПСИЛОНТОРГ ООО,668412.55,B
ЩукаЭнерго ООО (УЗБЕКИСТАН),665142.00,B
ГАММА-ТОРГ ООО,657816.36,B
ЮЖНЫЙ ООО,644388.58,B
ЭТА-СТРОЙ ООО,635693.64,B
ЛИГА-СТРОЙ ООО,635009.12,B
ДОМ-КОМФОРТ ООО,633654.98,B
КраснопольеМед ООО (БЕЛАРУСЬ),631414.67,B
ОМИКРОНФИНАНС ООО,624800.50,B
ПСИ-МАШ ООО,623231.59,B
ХИ-ПРОМ ООО,582000.00,B
ИПСИЛОН-ТОРГ ООО,554970.21,B
ОктябрьскийТрейд ООО (АЗЕРБАЙДЖАН),551075.62,B
ТолочинЛогистика АО (БЕЛАРУСЬ),550749.34,B
БЕТАКОНСТРУКТ ООО,547625.99,B
КостромаКонсалт АО (ГРУЗИЯ),543490.86,B
КалугаМед ООО,542279.04,B
БЕТА-ЭНЕРГО ООО,535889.44,B
НЮ-ПРОД ООО,533222.38,B
АДВЕНТ ООО,527872.05,B
ТываТрейд АО,526975.31,B
КлимовичиСервис ООО (БЕЛОРУСЬ),526900.33,B
ЙОТАСИСТЕМС ООО,518408.75,B
ЭПСИЛОН-СТРОЙ ООО,515226.06,B
ПолоцкИнновации ООО (БЕЛАРУСЬ),514703.46,B
КСИСТРОЙ ООО,513240.10,B
ТАУ-ПЛЮС ООО,505441.68,B
ХИМАШ ООО,497304.76,C
КСИМАШ ООО,493099.45,C
ХИ-ТОРГ ООО,492740.51,C
ГАММА-КОМ ООО,492658.99,C
ЗАЩИТА-ТОРГ ООО,486957.79,C
ГАЗ-ПРОМ ООО,481087.46,C
КалинковичиЛогистика АО (БЕЛАРУСЬ),480588.00,C
ТуркестанФарма ООО (УЗБЕКИСТАН),468522.78,C
ГАММАТРЕЙД ООО,461642.89,C
БЕТА-МАШ ООО,460219.79,C
ИвановоЭкспорт АО (БЕЛАРУСЬ),457710.29,C
ЭПСИЛОНТРАНС ООО,445454.19,C
КировскКонсалт ООО (АЗЕРБАЙДЖАН),443457.57,C
ЛепельФарма АО (БЕЛАРУСЬ),437824.98,C
СаратовТех АО,437718.72,C
ЛунаМед АО,437280.71,C
"АО ""АВИАКОР-АВИАЦИОННЫЙ ЗАВОД""",435986.94,C
ТАУ-ЭЛЕКТРО ООО,432249.89,C
УралЭкспорт ООО,430436.98,C
ИвановоТранс ОАО,425974.23,C
"ОАО ""ОМСКОБЛСЕЛЬХОЗТЕХНИКА""",423364.76,C
ШтормФарма АО (РОССИЯ),413274.71,C
ОМИКРОНСЕРВИС ООО,410004.31,C
"ОАО "" Авиакомпания"" Омскавиа""",403065.74,C
ЛюбаньПроект АО (БЕЛАРУСЬ),400714.51,C
ТАЙМ-СТРОЙ ООО,398882.06,C
НЮ-ИНВЕСТ ООО,395622.52,C
ЕврейскаяАОИндустрия ООО (БЕЛОРУСЬ),385913.35,C
ТИМ ООО,384429.46,C
ЧечерскПроект ООО (УЗБЕКИСТАН),381960.00,C
ТАУ-ТОРГ ООО,381009.58,C
ЧечерскСервис ООО (БЕЛАРУСЬ),373917.45,C
ХотимскЛогистика ТОО (АРМЕНИЯ),373908.37,C
НЮ-ТОРГ ООО,371053.21,C
ИПСИЛОН-ПЛЮС ООО,366571.53,C
КОМПЛЕКС-МАШ ООО,365242.50,C
ЖодиноСтрой ТОО (БЕЛАРУСЬ),362822.09,C
ВеткаЛогистика ТОО (АРМЕНИЯ),360553.51,C
КАППАТЕХ ООО,358645.22,C
СИГМАТЕХ ООО,357101.51,C
ОМЕГА-СТРОЙ ООО,355460.29,C
РО-КОМ ООО,349666.28,C
ГанцевичиЛогистика ООО (БЕЛАРУСЬ),348180.66,C
ТЭТАПРОМ ООО,346880.64,C
"ООО ""Объединенная технологическая корпорация""",344045.84,C
ДонецкИнновации АО,343278.70,C
"АО ""АВИАКОМПАНИЯ ""СИБИРЬ""",341412.53,C
"РО-СТРОЙ ООО, Саратов",334364.00,C
"ОАО ""НАК ""АКИ-ОТЫР""",334098.90,C
ФениксТранс ТОО (ТУРКМЕНИСТАН),333700.88,C
ГАММА-МАШ ООО,333308.71,C
АлтайФинанс АО (МОЛДОВА),329745.47,C
"ООО ""МЕГАТОН""",323994.30,C
ЗЕТА-ТОРГ ООО,322189.82,C
ООО АВИКС ГРУПП,321042.44,C
ЙОТАТОРГ ООО,319040.12,C
ЛАМБДА-СТРОЙ ООО,318133.71,C
ОмскКонсалт АО,311084.48,C
ПолоцкТех ООО (БЕЛАРУСЬ),306456.55,C
МстиславльЭкспорт АО (БЕЛАРУСЬ),296830.88,C
"ОМЕГА-ПРОМ ООО, Владивост",291866.98,C
ИмперияИнновации АО (УКРАИНА),291764.78,C
ЕнисейСтрой ООО,291714.57,C
ПСИ-СТРОЙ ООО,283066.80,C
ЭКО-ДОМ ООО,281160.00,C
"ООО ""АМТ Н.В.""",277119.25,C
ДЕЛЬТА-МАШ ООО,266613.64,C
ОршаСервис АО (МОЛДОВА),265412.64,C
ЭФФЕКТ-ПЛЮС ООО,260365.28,C
"ОАО ""АК ""АСТРАХАНСКИЕ АВИАЛИНИИ""",257655.25,C
БобруйскФарма ТОО (КИРГИЗИЯ),257221.12,C
МЮ-МАШ ООО,251048.18,C
БЕТА-ТЕХ ООО,249598.42,C
КостюковичиСервис АО (БЕЛАРУСЬ),246640.09,C
СветлогорскКом АО (РОССИЯ),238560.00,C
ХотимскСервис ООО (БЕЛАРУСЬ),236107.81,C
КраснопольеЭнерго ТОО (БЕЛАРУСЬ),235841.91,C
ТЕТА-ЭЛЕКТРО ООО,233604.24,C
"ФИ-ТОРГ ООО, Барнаул",232019.59,C
СолигорскПроект АО (УКРАИНА),228513.43,C
ЧукоткаИнновации АО,225693.12,C
ГлубокоеТрейд АО (БЕЛАРУСЬ),223586.67,C
ЧаусыИндустрия АО (МОЛДОВА),220513.62,C
КАППА-ЭНЕРГО ООО,217790.67,C
ПСИ-КОМ ООО,216855.97,C
ЭПСИЛОН-КОМ ООО,216475.03,C
КАППА-ПЛЮС ООО,215012.71,C
МикашевичиИнвест АО (БЕЛАРУСЬ),211274.17,C
МЮЛОГИСТИК ООО,206219.05,C
КСИ-ПРОД ООО,205614.39,C
ТолочинКом ТОО (БЕЛАРУСЬ),202765.73,C
ЭЛЕКТРОМОНТАЖ ООО,201000.00,C
МогилевМед ТОО (БЕЛАРУСЬ),200487.84,C
ВеткаИндустрия ООО (БЕЛОРУСЬ),199893.18,C
ДЕЛЬТА-ТОРГ ООО,197463.28,C
ОмегаТех АО (РОССИЯ),196868.58,C
КокшетауКонсалт ТОО (КАЗАХСТАН),196008.89,C
"ЛАМБДА-КОМ ООО, Уфа",195300.00,C
"ООО ""Гарант ДВ""",194798.27,C
АЛЬФАСИСТЕМС ООО,194743.88,C
ОМЕГА-МАШ ООО,191250.00,C
РО-ЭЛЕКТРО ООО,189477.60,C
ЙотаФинанс АО (УКРАИНА),188907.15,C
АктауСервис ТОО (АРМЕНИЯ),188613.22,C
ГлубокоеЭкспорт АО (УКРАИНА),184844.66,C
ИвановоФарма ООО (БЕЛАРУСЬ),183742.02,C
МиорыИндустрия ООО (БЕЛАРУСЬ),178184.60,C
КсиКонсалт ТОО (АРМЕНИЯ),177327.22,C
МагаданКонсалт ТОО (КАЗАХСТАН),176352.65,C
КостюковичиИндустрия ТОО (АРМЕНИЯ),176063.70,C
ЧаусыКом ТОО (БЕЛАРУСЬ),169296.58,C
СтавропольИндустрия ТОО (АРМЕНИЯ),168805.13,C
МогилевТрейд ООО (БЕЛАРУСЬ),168410.72,C
ТуровМед ТОО (БЕЛАРУСЬ),167626.10,C
ОПТИМА-КОМ ООО,167362.20,C
АЛЬФА-20 ООО,166871.91,C
ДраконЭкспорт ТОО (КИРГИЗИЯ),165533.76,C
СлавгородИнвест ООО (БЕЛАРУСЬ),164004.43,C
УФА-СТРОЙ ООО,161556.79,C
ИвацевичиИнвест АО (БЕЛАРУСЬ),158524.80,C
ПолоцкТрейд АО (БЕЛАРУСЬ),156401.82,C
БерезаМед АО (УКРАИНА),156360.36,C
ЯкутскЭнерго ТОО,154621.68,C
СенненскийИнвест АО (БЕЛАРУСЬ),154454.60,C
"ОАО ""Холсим (Рус)""",148680.00,C
ЭЛЕГИЯ ООО,146400.00,C
ЧечняПроект ТОО (КИРГИЗИЯ),145384.56,C
БарнаулТрейд АО (ГРУЗИЯ),138341.81,C
"ООО ""МАСТ Сервис""",134248.86,C
ХантыМансийскийЭнерго АО (РОССИЯ),133677.96,C
ЧувашияТех ООО,132926.03,C
АльфаСтрой ООО,131382.54,C
ВИКТОРИЯ-КОМ ООО,128935.96,C
ИнгушетияМед АО,128867.27,C
ЛьвовЭкспорт ООО (УЗБЕКИСТАН),127632.66,C
КопыльТрейд АО (БЕЛАРУСЬ),127570.83,C
ОМЕГА-КОМ ООО,126571.05,C
КлимовичМаш ООО (ТАДЖИКИСТАН),118017.08,C
РОСТЕХ ООО,117986.32,C
ИмперияЛогистика ООО,117920.68,C
КСИ-ТОРГ ООО,117423.59,C
ТАУ-СТРОЙ ООО,117215.78,C
"ОАО ""ПОЛИФАРМ""",116998.46,C
РО-СТРОЙ ООО,115267.93,C
НесвижФарма АО (УКРАИНА),113750.28,C
КСИ-СТРОЙ ООО,112920.00,C
ЛяховичиФарма ООО (БЕЛАРУСЬ),111210.00,C
ИвановоЭнерго ТОО (ТУРКМЕНИСТАН),108972.00,C
ТК АЙСБЕРГ ООО,106526.86,C
ДрогичинКом ТОО (БЕЛАРУСЬ),106307.81,C
НЮ-ЭНЕРГО ООО,105788.96,C
"АО ""АПАТИТ""",102815.82,C
БрагинСервис ООО (БЕЛОРУСЬ),101870.69,C
"АО ""АМНГР""",100501.60,C
ОршаТрейд ООО (БЕЛАРУСЬ),100320.10,C
ЯрославльПром ООО,99078.30,C
"ЭПСИЛОН-КОМ ООО, Нижний Новгород",98563.92,C
ЛиозноТранс АО (ГРУЗИЯ),97299.99,C
ЛиозноКом АО (БЕЛАРУСЬ),96963.24,C
"АКБ ""АЗИМУТ"" (ПАО)",95846.00,C
КарачаевоЧеркесияИнновации АО,95244.56,C
ЭНЕРГОСБЫТ ООО,95098.50,C
УНИКОН ООО,94186.80,C
ЭПСИЛОН-ТОРГ ООО,93150.94,C
АЙСБЕРГ ООО,91563.96,C
ИПСИЛОН-ИНЖ ООО,91096.76,C
УНИВЕРСАЛ СП ООО,90733.38,C
ЛиозноЭкспорт АО (УКРАИНА),90475.10,C
БраславИндустрия ООО (БЕЛАРУСЬ),90022.43,C
АЛЬФА-41 ООО,89369.82,C
ЖодиноЭкспорт ТОО (БЕЛАРУСЬ),88175.71,C
УСПЕХ-КОМ ООО,87360.21,C
"АЛЬФА-47 ООО, Москва",87069.60,C
СеверЭнерго АО (ГРУЗИЯ),86883.72,C
ТатарстанКонсалт ТОО,86430.60,C
КСИ-МАШ ООО,86400.00,C
ДЕЛЬТА-КОМ ООО,85263.14,C
АЛЬФА-32 ООО,84628.47,C
ГлускТех ООО (БЕЛАРУСЬ),84336.00,C
СемейМаш АО (РОССИЯ),82780.71,C
ПИ-ИНВЕСТ ООО,82416.77,C
ОдессаТех ООО,81442.14,C
КаппаКом ООО,80758.77,C
ЭтнаЭнерго ООО,80374.20,C
ОсиповичиИнновации ТОО (КАЗАХСТАН),79476.81,C
БетаИнвест ТОО (АРМЕНИЯ),76572.64,C
ХотимскМед ТОО (КИРГИЗИЯ),75618.48,C
МЮ-ТОРГ ООО,74689.12,C
ВегаИнвест ООО,74297.28,C
КарелияЭнерго ТОО (ТУРКМЕНИСТАН),73113.10,C
ГанцевичиМед ТОО (БЕЛАРУСЬ),72713.45,C
ЕльскИнновации ТОО (КАЗАХСТАН),72105.59,C
ЖодиноИндустрия АО (МОЛДОВА),71423.03,C
ОМИКРОН-ИНЖ ООО,69410.27,C
ЛунинецИнвест ООО (БЕЛАРУСЬ),69183.07,C
ДубровноСервис ООО (БЕЛОРУСЬ),66417.01,C
АмурФинанс ТОО (АРМЕНИЯ),66058.97,C
АВАНГАРД-СТРОЙ ООО,65397.60,C
ВитебскФинанс АО (МОЛДОВА),65064.60,C
МЮ-СТРОЙ ООО,63562.81,C
МикашевичиПроект ООО (УЗБЕКИСТАН),62629.67,C
МикашевичиЭнерго ООО (БЕЛАРУСЬ),62623.62,C
ПИ-МАШ ООО,62140.25,C
ОЛИМП-ПРОМ ООО,61673.51,C
ВегаКонсалт АО (ГРУЗИЯ),60585.05,C
ПСИ-ИНЖ ООО,60345.26,C
АндромедаПроект ООО (УЗБЕКИСТАН),59524.32,C
МиорыТрейд ООО (АЗЕРБАЙДЖАН),59369.89,C
ЭТА-МАШ ООО,59292.17,C
"ОАО ""СТБ""",58540.08,C
ЛюбаньЭкспорт ТОО (БЕЛАРУСЬ),57516.17,C
ИвановоСтрой АО (БЕЛАРУСЬ),56568.01,C
"ООО ""Техпром""",56317.28,C
КричевСервис АО (МОЛДОВА),56274.10,C
ОМЕГА-ЭНЕРГО ООО,56130.00,C
МЮ-ЭНЕРГО ООО,56056.58,C
ШкловТрейд ООО (БЕЛАРУСЬ),54047.97,C
ТК КВАДРАТ ООО,53813.57,C
Автоприбор (Владимир),53639.04,C
ЛАМБДА-ЭНЕРГО ООО,53617.62,C
ЙОТА-ПЛЮС ООО,53133.36,C
"АО ""ВАО АГРОХИМЭКСПОРТ""",52963.87,C
КСИ-ИНВЕСТ ООО,52304.30,C
СигмаСтроительство ТОО,52290.92,C
ЮжноСахалинскЛогистика ООО,51264.05,C
ЕльскЭкспорт ТОО (БЕЛАРУСЬ),51198.99,C
ЕВРАЗИЯ-ПРОД ООО,50402.44,C
Арчединский комбинат хлебопродуктов,50394.02,C
ЖодиноКом ТОО (БЕЛАРУСЬ),49968.99,C
МстиславльТранс ООО (АЗЕРБАЙДЖАН),49966.33,C
Егоршинский радиозавод ОАО,47847.00,C
ДЕЛЬТА-ЭНЕРГО ООО,47402.40,C
ТюменьСервис АО,47063.85,C
ЗетаСервис АО,46720.80,C
"АО ""АВИАБОР""",45809.85,C
ТРУД-МАШ ООО,45559.54,C
ЭРА ООО,45360.00,C
"ООО ""АМА ПРОДАКШН""",45219.07,C
КСИ-ПЛЮС ООО,44563.30,C
ПИ-КОМ ООО,44162.85,C
ЭТА-ИНВЕСТ ООО,43979.95,C
СИГМА-ПЛЮС ООО,43054.93,C
БрагинИнновации ООО (БЕЛАРУСЬ),42942.60,C
ЯмалФарма АО,42756.94,C
КемеровоМед ООО,42749.74,C
ОрбитаЛогистика ТОО (АРМЕНИЯ),42411.14,C
БЕТА-СТРОЙ ООО,42193.92,C
РостовИнновации АО (ГРУЗИЯ),41964.42,C
БыховТранс ООО (АЗЕРБАЙДЖАН),41781.38,C
ГалактикаФинанс ООО (ТАДЖИКИСТАН),41579.52,C
РечицаСтрой АО (БЕЛАРУСЬ),41388.96,C
ЭпсилонМаш ОАО,41134.26,C
ПСИ-ПРОМ ООО,40437.38,C
"РО-КОМ ООО, Саратов",38895.36,C
ОсиповичиКонсалт ООО (АЗЕРБАЙДЖАН),38508.18,C
КомаринФарма АО (БЕЛАРУСЬ),38151.93,C
ТАЛМЕД ООО,37587.27,C
ТолочинЭнерго ТОО (ТУРКМЕНИСТАН),37447.92,C
ООО «ВЭЛДЭС»,37282.92,C
СлуцкФарма АО (БЕЛАРУСЬ),36678.85,C
СахалинЭкспорт АО (УКРАИНА),36677.19,C
ГлускМед ТОО (БЕЛАРУСЬ),36632.84,C
ЦЕФЕЙ ООО,36489.84,C
ТолочинЛогистика ТОО (АРМЕНИЯ),36426.82,C
"ОАО ""АЛТТРАК""",36261.94,C
ЭТА-ЭЛЕКТРО ООО,36208.24,C
ГАММА-ЭНЕРГО ООО,35876.40,C
ХарьковСервис ООО,35817.06,C
ЮПИТЕР-ТРЕЙД ООО,35640.00,C
УНИВЕСТ ООО,35606.77,C
ЗЕТА-ЭНЕРГО ООО,35322.26,C
"КБ ""АРСЕНАЛ"" ООО",35245.20,C
АЛЬФА-СТРОЙ ООО,34876.26,C
ЯНТАРЬ ООО,33898.80,C
АВРОРА ООО,33598.08,C
МарсЭнерго АО (РОССИЯ),32676.05,C
КостюковичиМаш АО (РОССИЯ),32455.44,C
СеверСервис ООО,32083.34,C
АЛЬФА-3 ООО,30993.07,C
ДубровноИндустрия ТОО (АРМЕНИЯ),30833.97,C
ПинскСервис ООО (БЕЛАРУСЬ),30434.52,C
ЧаусыСтрой АО (БЕЛАРУСЬ),30360.89,C
АлматыИнвест АО (КАЗАХСТАН),29148.66,C
ОМИКРОН-МАШ ООО,29120.64,C
АЗИМУТ ООО,28728.00,C
"ООО ""Газпром добыча Астрахань""",28466.53,C
АГРОСИЛА ООО,28056.00,C
ЛьвовКом АО,28053.60,C
ГоркиЭкспорт АО (БЕЛАРУСЬ),28011.72,C
"АО ""АВТОВАЗ""",27696.92,C
"ПСИ-КОМ ООО, Ярославль",27517.96,C
"АО ""АТЛАНТРЫБФЛОТ""",27488.16,C
ТаразТранс ООО (АЗЕРБАЙДЖАН),27376.80,C
ТЕХНОЦЕНТР ООО,26973.48,C
НовосибирскФарма АО (РОССИЯ),26103.37,C
КостюковичиЛогистика АО (БЕЛАРУСЬ),25953.81,C
ЗЕТА-ИНВЕСТ ООО,25839.10,C
БрагинЭкспорт ТОО (БЕЛАРУСЬ),25723.42,C
ЗЕТА-КОМ ООО,25125.53,C
НаровляИнновации ООО (БЕЛАРУСЬ),25059.78,C
ТолочинФинанс ООО (БЕЛОРУСЬ),24953.76,C
ТЕТА-КОМ ООО,24712.70,C
КировскКом АО (БЕЛАРУСЬ),24528.00,C
УльяновскФинанс АО (МОЛДОВА),24437.40,C
ТК СОЛНЦЕ ООО,24437.28,C
ТАНДЕМ ПЛЮС ООО,24403.68,C
НептунМед ООО (УЗБЕКИСТАН),24364.80,C
ВоронежСтрой ООО,23869.22,C
"ЗАО ""Новый век агротехнологий""",23802.00,C
ТК ВОСТОК ООО,23370.48,C
БЕТА-КОМ ООО,23230.56,C
КлимовичиЛогистика ООО (БЕЛОРУСЬ),22411.20,C
ЛАМБДА-ПЛЮС ООО,22379.73,C
ЗЕТА-ЭЛЕКТРО ООО,22378.66,C
ЭПСИЛОН-ПРОД ООО,22077.36,C
ТуровИнновации АО (ГРУЗИЯ),21547.77,C
"ООО ""ЛИКСИР""",21168.00,C
УфаМед ООО,21009.79,C
ЛиозноФарма ООО (УЗБЕКИСТАН),20840.04,C
ЧаусыИнвест ООО (БЕЛАРУСЬ),20712.24,C
ЧаусыТех ТОО (ТУРКМЕНИСТАН),20496.00,C
КобринТех ТОО (ТУРКМЕНИСТАН),20428.80,C
ООО «ЭКСЕРГИЯ-Л»,20092.54,C
ЧаусыТрейд ООО (БЕЛАРУСЬ),19825.02,C
УНИКА-СТРОЙ ООО,19800.31,C
КраснопольеТрейд ТОО (КАЗАХСТАН),19690.64,C
БерезаФарма ООО (УЗБЕКИСТАН),19587.36,C
ТЕХНОКОМ ООО,19366.20,C
КалмыкияИндустрия АО (МОЛДОВА),18602.27,C
КамчаткаКом ООО,18555.78,C
КалинковичиКом ООО (ТАДЖИКИСТАН),18442.56,C
ЛЕС-ИНВЕСТ ООО,18129.00,C
"АО ""АМЗ""",17136.00,C
ГлускИндустрия ООО (БЕЛОРУСЬ),16481.71,C
ТюменьМед ТОО (КИРГИЗИЯ),16446.72,C
КраснопольеКонсалт АО (ГРУЗИЯ),15744.00,C
ЛиозноПроект ТОО (КИРГИЗИЯ),15692.60,C
ТОРГСИБ ООО,15542.40,C
БорисовКонсалт ТОО (КАЗАХСТАН),15300.00,C
ХотимскИнвест АО (БЕЛАРУСЬ),15277.50,C
БобруйскПроект ТОО (БЕЛАРУСЬ),15232.82,C
"ООО ""ПЕСТ""",15015.36,C
ФЛОРА-ИНВЕСТ ООО,15002.53,C
"ПИ-СТРОЙ ООО, Краснодар",14670.34,C
ОсиповичиМед ТОО (БЕЛАРУСЬ),14179.76,C
ПИ-ЭЛЕКТРО ООО,14113.01,C
ТК ПАРУС ООО,13902.27,C
АДЕПТ ООО,13881.00,C
ТитанТрейд АО,13849.88,C
"АО ""АВИАКОМПАНИЯ ""ВОСТОК""",13744.46,C
АЛЬФА-7 ООО,13242.94,C
КурскМаш ООО (ТАДЖИКИСТАН),12765.70,C
СевастопольСтрой ООО,12718.80,C
РО-ЭНЕРГО ООО,12686.40,C
КраснопольеКом ТОО (БЕЛАРУСЬ),12670.56,C
Андромеда ООО,12664.18,C
МЮ-ПРОД ООО,12563.28,C
ЭТА-ПЛЮС ООО,12274.74,C
ТК ЗЕНИТ ООО,12012.00,C
МЕТРО-ЭНЕРГО ООО,11850.01,C
ТК ЕВРОПА ООО,11776.80,C
ФЕДЕРАЛ-КОМ ООО,11754.53,C
ЛуганскСервис АО (МОЛДОВА),11629.08,C
"ОАО ""АВТОКРАН""",11390.40,C
"ЭПСИЛОН-СТРОЙ ООО, Нижний Новгород",11351.33,C
ФОБОС ООО,11293.62,C
ХойникиТрейд ООО (АЗЕРБАЙДЖАН),11280.00,C
РечицаИндустрия ТОО (АРМЕНИЯ),11192.67,C
УРАЛШИНА ООО,10868.93,C
АВИЛОН ООО,10745.11,C
ТК НЕПТУН ООО,10539.98,C
"ООО Производственно-торговая фирма ""Авиатор""",10445.02,C
ГЛОБУС-ТРАНС ООО,10245.32,C
ТД РУСЬ ООО,10000.00,C
КировскИндустрия АО (БЕЛАРУСЬ),9898.18,C
ТК ОМЕГА ООО,9429.39,C
ТЭТАСЕРВИС ООО,9365.40,C
ПИ-ТОРГ ООО,9273.60,C
НесвижКонсалт АО (ГРУЗИЯ),9212.00,C
ЦЕНТР-АВТО ООО,9191.71,C
Алтайдизель,9121.56,C
ЙОТА-ПРОД ООО,8926.84,C
ГаммаИнвест ТОО,8923.20,C
ГОРИЗОНТ-ТОРГ ООО,8525.21,C
РадугаСервис ТОО,8194.92,C
АВАНГАРД-ИНЖ ООО,8116.73,C
ТАУ-КОМ ООО,8080.80,C
КызылордаКом ТОО (ТУРКМЕНИСТАН),7938.02,C
АЛЬФА-42 ООО,7877.58,C
ФЕРУС СПБ ООО,7839.24,C
БелгородТранс ТОО (КАЗАХСТАН),7651.23,C
ФИ-ИНЖ ООО,7557.22,C
ТАЙМ-НН ООО,7383.00,C
ЦЕНТР-КОМ ООО,7347.70,C
"ЗАО КБ ""ЛАДА-КРЕДИТ""",7308.00,C
КопыльЭнерго ООО (БЕЛАРУСЬ),7260.00,C
СенненскийТрейд АО (ГРУЗИЯ),7210.56,C
ЯрославльЭкспорт АО (УКРАИНА),7043.40,C
УшачиЛогистика АО (БЕЛАРУСЬ),6791.40,C
ЕльскПроект ТОО (КИРГИЗИЯ),6770.40,C
ХаосЭнерго АО,6769.73,C
ЗабайкальеЛогистика ООО,6663.05,C
"ЭТА-ИНВЕСТ ООО, Челябинск",6582.24,C
ЛяховичиФинанс АО (МОЛДОВА),6558.72,C
СлуцкИнвест АО (БЕЛАРУСЬ),6468.00,C
КАППА-МАШ ООО,6328.86,C
МикашевичиСтрой ТОО (БЕЛАРУСЬ),6224.14,C
ФОРТУНА ООО,6173.72,C
"ЭТА-СТРОЙ ООО, Челябинск",6155.52,C
СмоленскКонсалт ООО,6000.00,C
МогилевЭкспорт АО (БЕЛАРУСЬ),5730.28,C
ЧайкаКом ОАО,5664.79,C
ИПСИЛОН-ЭЛЕКТРО ООО,5611.20,C
АлматыФинанс ТОО (АРМЕНИЯ),5599.97,C
РудныйПроект ТОО (КИРГИЗИЯ),5564.16,C
ФИ-ТОРГ ООО,5544.71,C
СлавгородСтрой АО (БЕЛАРУСЬ),5531.61,C
СтолинФарма ООО (УЗБЕКИСТАН),5459.00,C
ДЕЛЬТА-ПЛЮС ООО,5362.32,C
МОСКВА-СТРОЙ ООО,5241.60,C
ОМЕГА-ТОРГ ООО,5208.67,C
"ОАО ""Авиакомпания ""БАЛ""",5133.15,C
АктобеКом ООО (ТАДЖИКИСТАН),5084.71,C
ЛепельИнновации ООО (АЗЕРБАЙДЖАН),4966.33,C
ФИ-ПРОМ ООО,4962.96,C
ДнепрКом АО (РОССИЯ),4938.19,C
КрымТех АО (РОССИЯ),4866.50,C
ЕльскКом АО (БЕЛАРУСЬ),4821.60,C
СтолинЭкспорт АО (УКРАИНА),4757.76,C
ЧувашияМед ТОО,4737.60,C
ФЛАГМАН ООО,4639.56,C
ЖитковичиЛогистика АО (МОЛДОВА),4617.00,C
"ГАММА-ЭНЕРГО ООО, Екатеринбург",4525.32,C
БыховКонсалт ТОО (КАЗАХСТАН),4415.04,C
"ОАО ""Аппаратура дальней связи""",4383.96,C
"КСИ-МАШ ООО, Пермь",4365.36,C
ТПАС-ПЕТРОЗАВОДСК ООО,4319.16,C
КричевТранс АО (ГРУЗИЯ),4248.52,C
ХотимскСтрой АО (БЕЛАРУСЬ),4121.28,C
РоссоныСтрой ТОО (БЕЛАРУСЬ),3989.93,C
БобруйскКом АО (БЕЛАРУСЬ),3962.23,C
СатурнФинанс ТОО (КИРГИЗИЯ),3768.00,C
ТИТАН-М ООО,3682.56,C
ЮГ-СТРОЙ ООО,3600.00,C
ЕЛЕКТРО-ИНЖ ООО,3577.83,C
ЭКОС ООО,3487.68,C
КопыльИндустрия АО (МОЛДОВА),3410.64,C
ТК ИМПУЛЬС ООО,3111.26,C
КлимовичСтрой ТОО (БЕЛАРУСЬ),3006.00,C
"Точка света (ООО ""Альфа"")",2993.76,C
АЛЬФА-24 ООО,2966.80,C
ЖигулиФинанс ООО,2945.04,C
УшачиИндустрия ООО (БЕЛАРУСЬ),2842.56,C
ЙотаЛогистика АО,2819.04,C
ХерсонТрейд АО,2778.00,C
ФИНАРОЗ+ ООО,2764.80,C
ФРЕГАТ ООО,2724.93,C
СлуцкСервис ООО (БЕЛАРУСЬ),2711.40,C
ХойникиФарма АО (УКРАИНА),2570.40,C
ЖемчугМаш ООО (АЗЕРБАЙДЖАН),2486.40,C
ВитебскТех АО (РОССИЯ),2459.52,C
ТК РОССИЯ ООО,2453.96,C
БорисовМед ООО (БЕЛАРУСЬ),2425.44,C
ТК САТУРН ООО,2419.20,C
ТК ЮПИТЕР ООО,2384.33,C
"ПСИ-СТРОЙ ООО, Ярославль",2352.00,C
ТК КОНТИНЕНТ ООО,2242.94,C
КАППАКОМ,2237.00,C
МогилевИндустрия АО (МОЛДОВА),2191.06,C
АЛЬФА-13 ООО,2187.36,C
"ОМИКРОН-КОМ ООО, Волгоград",1998.00,C
ТК ПРОГРЕСС ООО,1992.53,C
ИПСИЛОН-ПРОМ ООО,1990.63,C
ТК ТИТАН ООО,1936.92,C
СтолбцыЭнерго ООО (БЕЛАРУСЬ),1928.64,C
ТЕХНОПАРК ООО,1896.00,C
ТЕПЛОСЕРВИС ООО,1896.00,C
ТК ФЕНИКС ООО,1487.66,C
ХИ-СТРОЙ ООО,1482.30,C
ТК ГЛОБУС ООО,1361.52,C
ФИ-КОМ ООО,1358.39,C
ФОТОН ООО,1301.40,C
БраславТех АО (РОССИЯ),1286.66,C
ТЕРЕМ ООО,1271.00,C
ТК МЕРКУРИЙ ООО,1254.00,C
"ТЕТА-СТРОЙ ООО, Омск",983.81,C
"ПИ-ИНВЕСТ ООО, Краснодар",853.94,C
ТК МЕГАПОЛИС ООО,776.16,C
ТК СПУТНИК ООО,745.92,C
ЛАМБДА-КОМ ООО,737.86,C
ЖЕЛЕЗНОДОРОЖНЫЙ ООО,658.80,C
ТК ОРИОН ООО,624.96,C
ТПП СИГМА ООО,600.00,C
ЧаусыСервис ТОО (АРМЕНИЯ),520.80,C
ТК СИРИУС ООО,426.72,C
